{
  "trial": 12,
  "worker": "w3",
  "timestamp": "2025-12-06T04:50:50.201896",
  "metrics": {
    "total_trades": 1,
    "total_pnl": 0,
    "win_rate": 0.0,
    "portfolio_final": 20.012711374137023,
    "portfolio_growth": -0.023770176871364727,
    "timeframe_trades": {
      "5m": 0,
      "1h": 0,
      "4h": 0
    },
    "tf_diversity": 0,
    "score": -0.008269561904977654,
    "params": {
      "position_size_pct": 0.11989957262114023,
      "risk_multiplier": 1.3607417712186458,
      "patience_steps": 10,
      "min_confidence": 0.013842835940086352,
      "mts_5m": 10,
      "mts_1h": 8,
      "mts_4h": 3
    },
    "positions_opened": 0,
    "positions_closed": 0,
    "trade_attempts": 0,
    "actions_taken": 3000,
    "evaluation_steps": 3000,
    "trade_frequency": 0.0003333333333333333,
    "activity_score": 1,
    "tier_progression": {
      "current_tier": "Micro",
      "tier_history": [
        [
          "Micro",
          0,
          20
        ]
      ],
      "total_progressions": 0,
      "progression_log": [],
      "reached_enterprise": false
    },
    "reached_enterprise": false,
    "max_drawdown": 0.36682769075076715,
    "profit_consistency": 1.0
  },
  "hyperparams": {
    "position_size_pct": 0.11989957262114023,
    "risk_multiplier": 1.3607417712186458,
    "patience_steps": 10,
    "min_confidence": 0.013842835940086352,
    "mts_5m": 10,
    "mts_1h": 8,
    "mts_4h": 3
  }
}