{
  "trial": 17,
  "worker": "w3",
  "timestamp": "2025-12-06T05:22:16.957245",
  "metrics": {
    "total_trades": 1,
    "total_pnl": 0,
    "win_rate": 0.0,
    "portfolio_final": 20.012711374137023,
    "portfolio_growth": -0.023770176871364727,
    "timeframe_trades": {
      "5m": 0,
      "1h": 0,
      "4h": 0
    },
    "tf_diversity": 0,
    "score": -0.008269561904977654,
    "params": {
      "position_size_pct": 0.13119499291998526,
      "risk_multiplier": 1.147735458816074,
      "patience_steps": 5,
      "min_confidence": 0.015414431362370933,
      "mts_5m": 11,
      "mts_1h": 8,
      "mts_4h": 4
    },
    "positions_opened": 0,
    "positions_closed": 0,
    "trade_attempts": 0,
    "actions_taken": 3000,
    "evaluation_steps": 3000,
    "trade_frequency": 0.0003333333333333333,
    "activity_score": 1,
    "tier_progression": {
      "current_tier": "Micro",
      "tier_history": [
        [
          "Micro",
          0,
          20
        ]
      ],
      "total_progressions": 0,
      "progression_log": [],
      "reached_enterprise": false
    },
    "reached_enterprise": false,
    "max_drawdown": 0.40057849737354706,
    "profit_consistency": 1.0
  },
  "hyperparams": {
    "position_size_pct": 0.13119499291998526,
    "risk_multiplier": 1.147735458816074,
    "patience_steps": 5,
    "min_confidence": 0.015414431362370933,
    "mts_5m": 11,
    "mts_1h": 8,
    "mts_4h": 4
  }
}