{
  "trial": 16,
  "worker": "w3",
  "timestamp": "2025-12-06T05:16:24.415739",
  "metrics": {
    "total_trades": 2,
    "total_pnl": 0,
    "win_rate": 0.0,
    "portfolio_final": 21.810110404261525,
    "portfolio_growth": 0.06390782459812319,
    "timeframe_trades": {
      "5m": 0,
      "1h": 0,
      "4h": 0
    },
    "tf_diversity": 0,
    "score": 0.022467738609343115,
    "params": {
      "position_size_pct": 0.2095258795048709,
      "risk_multiplier": 1.4058196507701903,
      "patience_steps": 6,
      "min_confidence": 0.01671063519788462,
      "mts_5m": 8,
      "mts_1h": 6,
      "mts_4h": 9
    },
    "positions_opened": 0,
    "positions_closed": 0,
    "trade_attempts": 0,
    "actions_taken": 3000,
    "evaluation_steps": 3000,
    "trade_frequency": 0.0006666666666666666,
    "activity_score": 2,
    "tier_progression": {
      "current_tier": "Micro",
      "tier_history": [
        [
          "Micro",
          0,
          20
        ]
      ],
      "total_progressions": 0,
      "progression_log": [],
      "reached_enterprise": false
    },
    "reached_enterprise": false,
    "max_drawdown": 0.10691432707907715,
    "profit_consistency": 1.0
  },
  "hyperparams": {
    "position_size_pct": 0.2095258795048709,
    "risk_multiplier": 1.4058196507701903,
    "patience_steps": 6,
    "min_confidence": 0.01671063519788462,
    "mts_5m": 8,
    "mts_1h": 6,
    "mts_4h": 9
  }
}