{
  "timestamp": "2025-12-25T09:00:40.706155",
  "checkpoint": "3.1",
  "test": "inference_basic",
  "predictions": {
    "w1": {
      "action": [
        1.0,
        -0.011955730617046356,
        -0.5351364612579346,
        -0.03749018907546997,
        0.017458222806453705,
        0.009617410600185394,
        -0.21524861454963684,
        0.0668342337012291,
        -0.06031152233481407,
        -0.04406186193227768,
        -0.07685142010450363,
        0.1296693980693817,
        -0.04803599789738655,
        -0.07885801047086716,
        -0.08554182201623917,
        0.0711565613746643,
        0.13123701512813568,
        0.0673079639673233,
        0.1607256829738617,
        -0.03380560502409935,
        -0.15883702039718628,
        0.129714235663414,
        -0.16889065504074097,
        0.07472074031829834,
        0.12511451542377472
      ],
      "shape": [
        25
      ],
      "range": [
        -0.5351364612579346,
        1.0
      ],
      "valid": true
    },
    "w2": {
      "action": [
        1.0,
        0.28929221630096436,
        -1.0,
        0.2413160800933838,
        -0.10437733680009842,
        -0.3962163031101227,
        -0.21434789896011353,
        0.15799158811569214,
        0.0752289891242981,
        0.1603146642446518,
        -0.18679749965667725,
        -0.20657654106616974,
        0.31824249029159546,
        0.19093023240566254,
        0.21752838790416718,
        0.21447792649269104,
        0.12148123234510422,
        -0.17935879528522491,
        -0.33825045824050903,
        -0.14748895168304443,
        -0.09327439963817596,
        -0.11050263792276382,
        -0.2506720721721649,
        0.19742876291275024,
        0.0626341700553894
      ],
      "shape": [
        25
      ],
      "range": [
        -1.0,
        1.0
      ],
      "valid": true
    },
    "w3": {
      "action": [
        1.0,
        -0.6331251263618469,
        -1.0,
        -0.12395776808261871,
        0.503046989440918,
        0.33775490522384644,
        0.5113090872764587,
        0.5899301767349243,
        -1.0,
        0.01944185048341751,
        -1.0,
        1.0,
        -0.19378896057605743,
        1.0,
        0.08120167255401611,
        -0.17383776605129242,
        -0.6583943963050842,
        0.25977009534835815,
        -0.063409224152565,
        0.8626847863197327,
        -0.494802325963974,
        -0.320385605096817,
        1.0,
        -1.0,
        1.0
      ],
      "shape": [
        25
      ],
      "range": [
        -1.0,
        1.0
      ],
      "valid": true
    },
    "w4": {
      "action": [
        1.0,
        0.3225241005420685,
        -0.9595897197723389,
        -0.06174743175506592,
        0.02371218428015709,
        -0.4828316569328308,
        0.31879565119743347,
        -0.21699267625808716,
        0.149933323264122,
        0.2909969389438629,
        0.6728953719139099,
        0.3424815833568573,
        -0.38786977529525757,
        0.002423191675916314,
        0.16727803647518158,
        0.04360757768154144,
        0.7067288756370544,
        0.04108433797955513,
        0.3445570170879364,
        -0.060721151530742645,
        -0.11854690313339233,
        -0.7540223002433777,
        -0.31223586201667786,
        -0.026091262698173523,
        0.11431673169136047
      ],
      "shape": [
        25
      ],
      "range": [
        -0.9595897197723389,
        1.0
      ],
      "valid": true
    }
  },
  "summary": {
    "total_workers": 4,
    "successful_predictions": 4,
    "failed_predictions": 0
  }
}