{
  "timestamp": "2025-12-25T09:34:25.170874",
  "test": "overfitting_detection",
  "results": {
    "w1": {
      "status": "OK",
      "metrics_train": {
        "num_actions": 50,
        "mean": 0.01667253650724888,
        "std": 2.1824895200137085e-05,
        "min": 0.01662101224064827,
        "max": 0.016690580174326897,
        "median": 0.016684715636074543
      },
      "metrics_test": {
        "num_actions": 50,
        "mean": 0.01683635514229536,
        "std": 1.2255788731215487e-06,
        "min": 0.016833148896694183,
        "max": 0.016838859766721725,
        "median": 0.016836118884384632
      },
      "degradation": {
        "mean": 0.009825068303611507,
        "std": 0.9024933585189832
      }
    },
    "w2": {
      "status": "OK",
      "metrics_train": {
        "num_actions": 50,
        "mean": -0.0008564193069469184,
        "std": 1.2717714762071865e-06,
        "min": -0.0008574779494665563,
        "max": -0.0008535102242603898,
        "median": -0.0008571337093599141
      },
      "metrics_test": {
        "num_actions": 50,
        "mean": -0.0006561505980789661,
        "std": 5.800560726994379e-06,
        "min": -0.0006713269394822419,
        "max": -0.0006443001329898834,
        "median": -0.0006572628626599908
      },
      "degradation": {
        "mean": 0.23357149441976657,
        "std": 1.9935056400779305
      }
    },
    "w3": {
      "status": "OK",
      "metrics_train": {
        "num_actions": 50,
        "mean": 0.06181976094841957,
        "std": 0.0007601790210504873,
        "min": 0.060093849897384644,
        "max": 0.0624692477285862,
        "median": 0.06224451959133148
      },
      "metrics_test": {
        "num_actions": 50,
        "mean": 0.0688215146958828,
        "std": 7.273957324874144e-05,
        "min": 0.06863119453191757,
        "max": 0.06897003948688507,
        "median": 0.06880753487348557
      },
      "degradation": {
        "mean": 0.11325893826032273,
        "std": 0.9031245328503997
      }
    },
    "w4": {
      "status": "OK",
      "metrics_train": {
        "num_actions": 50,
        "mean": 0.04757991746068001,
        "std": 3.118247452066283e-05,
        "min": 0.04750861972570419,
        "max": 0.047606125473976135,
        "median": 0.047597382217645645
      },
      "metrics_test": {
        "num_actions": 50,
        "mean": 0.04783909693360329,
        "std": 2.4565524626861247e-06,
        "min": 0.0478326641023159,
        "max": 0.04784410446882248,
        "median": 0.04783863388001919
      },
      "degradation": {
        "mean": 0.0054471306304142465,
        "std": 0.8925951930617755
      }
    }
  },
  "summary": {
    "total_workers": 4,
    "severe_overfitting": 0,
    "moderate_overfitting": 0,
    "ok": 4,
    "recommendation": "OK - Pas de sur-apprentissage significatif"
  }
}