{
  "trial": 9,
  "worker": "w3",
  "timestamp": "2025-12-06T04:31:00.636917",
  "metrics": {
    "total_trades": 59,
    "total_pnl": 0,
    "win_rate": 0.0,
    "portfolio_final": 26.03148126497402,
    "portfolio_growth": 0.26982835438897657,
    "timeframe_trades": {
      "5m": 0,
      "1h": 0,
      "4h": 0
    },
    "tf_diversity": 0,
    "score": 0.2973899240361418,
    "params": {
      "position_size_pct": 0.16505143870646366,
      "risk_multiplier": 1.3492400966040927,
      "patience_steps": 8,
      "min_confidence": 0.016931078317640014,
      "mts_5m": 12,
      "mts_1h": 8,
      "mts_4h": 4
    },
    "positions_opened": 0,
    "positions_closed": 0,
    "trade_attempts": 0,
    "actions_taken": 3000,
    "evaluation_steps": 3000,
    "trade_frequency": 0.019666666666666666,
    "activity_score": 59,
    "tier_progression": {
      "current_tier": "Micro",
      "tier_history": [
        [
          "Micro",
          0,
          20
        ]
      ],
      "total_progressions": 0,
      "progression_log": [],
      "reached_enterprise": false
    },
    "reached_enterprise": false,
    "max_drawdown": 0.39007546207794497,
    "profit_consistency": 1.0
  },
  "hyperparams": {
    "position_size_pct": 0.16505143870646366,
    "risk_multiplier": 1.3492400966040927,
    "patience_steps": 8,
    "min_confidence": 0.016931078317640014,
    "mts_5m": 12,
    "mts_1h": 8,
    "mts_4h": 4
  }
}