{
  "trial": 14,
  "worker": "w3",
  "timestamp": "2025-12-06T05:01:27.551690",
  "metrics": {
    "total_trades": 79,
    "total_pnl": 0,
    "win_rate": 0.0,
    "portfolio_final": 25.463831787404423,
    "portfolio_growth": 0.24213813597094747,
    "timeframe_trades": {
      "5m": 0,
      "1h": 0,
      "4h": 0
    },
    "tf_diversity": 0,
    "score": 0.2886983475898316,
    "params": {
      "position_size_pct": 0.1908177988332057,
      "risk_multiplier": 1.2693148904355929,
      "patience_steps": 7,
      "min_confidence": 0.019264925110972633,
      "mts_5m": 7,
      "mts_1h": 6,
      "mts_4h": 3
    },
    "positions_opened": 0,
    "positions_closed": 0,
    "trade_attempts": 0,
    "actions_taken": 3000,
    "evaluation_steps": 3000,
    "trade_frequency": 0.026333333333333334,
    "activity_score": 79,
    "tier_progression": {
      "current_tier": "Micro",
      "tier_history": [
        [
          "Micro",
          0,
          20
        ]
      ],
      "total_progressions": 0,
      "progression_log": [],
      "reached_enterprise": false
    },
    "reached_enterprise": false,
    "max_drawdown": 0.5702066667042794,
    "profit_consistency": 1.0
  },
  "hyperparams": {
    "position_size_pct": 0.1908177988332057,
    "risk_multiplier": 1.2693148904355929,
    "patience_steps": 7,
    "min_confidence": 0.019264925110972633,
    "mts_5m": 7,
    "mts_1h": 6,
    "mts_4h": 3
  }
}