{
  "trial": 25,
  "worker": "w3",
  "timestamp": "2025-12-06T06:16:05.391670",
  "metrics": {
    "total_trades": 1,
    "total_pnl": 0,
    "win_rate": 0.0,
    "portfolio_final": 19.85083032939529,
    "portfolio_growth": -0.03166681320022976,
    "timeframe_trades": {
      "5m": 0,
      "1h": 0,
      "4h": 0
    },
    "tf_diversity": 0,
    "score": -0.011033384620080414,
    "params": {
      "position_size_pct": 0.08328938628102767,
      "risk_multiplier": 1.4180159034509974,
      "patience_steps": 7,
      "min_confidence": 0.01960152116575593,
      "mts_5m": 12,
      "mts_1h": 8,
      "mts_4h": 5
    },
    "positions_opened": 0,
    "positions_closed": 0,
    "trade_attempts": 0,
    "actions_taken": 3000,
    "evaluation_steps": 3000,
    "trade_frequency": 0.0003333333333333333,
    "activity_score": 1,
    "tier_progression": {
      "current_tier": "Micro",
      "tier_history": [
        [
          "Micro",
          0,
          20
        ]
      ],
      "total_progressions": 0,
      "progression_log": [],
      "reached_enterprise": false
    },
    "reached_enterprise": false,
    "max_drawdown": 0.3392176101336999,
    "profit_consistency": 1.0
  },
  "hyperparams": {
    "position_size_pct": 0.08328938628102767,
    "risk_multiplier": 1.4180159034509974,
    "patience_steps": 7,
    "min_confidence": 0.01960152116575593,
    "mts_5m": 12,
    "mts_1h": 8,
    "mts_4h": 5
  }
}